Companies,Email,Services,Details,Phone,Location
Ajlouny Injury Law,www.ajlounyinjurylaw.com,"- When you're involved in a crash, you need a New York car accident lawyer. We are in it to win it. 24 hour personal injury FREE ADVICE."," Ajlouny Injury Law - When you're involved in a crash, you need a New York car accident lawyer. We are in it to win it. 24 hour personal injury FREE ADVICE. www.ajlounyinjurylaw.com (718) 233-3913 26 Court St, Brooklyn, NY 11242 (map)",7182333913," 26 Court St, Brooklyn, NY 11242 "
Ajustco,www.ajustlock.com,"- The inventor of the world's first Adjustable Catch Bolt Lock â AjustLock, which is an innovative solution of adjustable barrel bolt lock."," Ajustco - The inventor of the world's first Adjustable Catch Bolt Lock â AjustLock, which is an innovative solution of adjustable barrel bolt lock. www.ajustlock.com 855-258-7826 99 Madison Ave., Suite 620 New York, NY 10016 (map)",8552587826," 99 Madison Ave., Suite 620 New York, NY 10016 "
Auctus Business Solutions,auctusbs.com," - is a new-wave, data-based marketing and consulting firm that combines data to find the best way to market and increase profits."," Auctus Business Solutions - is a new-wave, data-based marketing and consulting firm that combines data to find the best way to market and increase profits. auctusbs.com (631) 664-0466 309 Gold St, Apt. PH-C New York, NY 11201 ",6316640466," 309 Gold St, Apt. PH-C New York, NY 11201 "
Bellhops Moving, getbellhops.com/market/new-york-new-york, - the modern alternative to traditional moving companies in New York on a mission to transform the outdated and frustrating moving.," Bellhops Moving - the modern alternative to traditional moving companies in New York on a mission to transform the outdated and frustrating moving. getbellhops.com/market/new-york-new-york (718) 618-9422 311 W 43rd ST New York, NY 10036",7186189422," 311 W 43rd ST New York, NY 10036"
Bjorn & Company,bjornandcompany.com,"- Award-winning event & wedding planning firm in New York creating a unique, one of a kind event experiences."," Bjorn & Company | Event Planning & Design- Award-winning event & wedding planning firm in New York creating a unique, one of a kind event experiences. bjornandcompany.com (646) 864-0377 226 West 37th Street, 2nd Floor New York, NY 10018",6468640377," 226 West 37th Street, 2nd Floor New York, NY 10018"
ByDesignOnly90,www.bydesignonly90.biz,- We make handmade personal care products that do not contain phosphates or sulfates; using various types of oils and herbs.," ByDesignOnly90- We make handmade personal care products that do not contain phosphates or sulfates; using various types of oils and herbs. www.bydesignonly90.biz (347) 605-7776 12 Van Siclen Avenue Brooklyn, NY 11207",3476057776," 12 Van Siclen Avenue Brooklyn, NY 11207"
B & D Pest Solutions,www.bdpestsolutions.com, - Quality residential and commercial pest control services. We give comprehensive assessments and guarantee our work.," B & D Pest Solutions - Quality residential and commercial pest control services. We give comprehensive assessments and guarantee our work. www.bdpestsolutions.com (347) 963-6055 235 Sharott Ave. Staten Island, NY 10309 (map)",3479636055," 235 Sharott Ave. Staten Island, NY 10309 "
B and Y Rug Cleaning of NYC,www.b-y-rugcleaning.com,- Specialist for cleaning fine area rugs. Our staff and rug cleaning factory are the best in the area. Call us and learn more about our rug cleaning and our low prices.," B&Y Rug Cleaning of NYC - Specialist for cleaning fine area rugs. Our staff and rug cleaning factory are the best in the area. Call us and learn more about our rug cleaning and our low prices. www.b-y-rugcleaning.com (212) 359 1627 352 7th Ave New York, NY 10001 (map)",2123591627," 352 7th Ave New York, NY 10001 "
Bazinga Parties,bazinga.nyc," - a bespoke kids party entertainment company that provides classic entertainment; balloon art, face-painting and games."," Bazinga Parties - a bespoke kids party entertainment company that provides classic entertainment; balloon art, face-painting and games. bazinga.nyc (646) 980-2489 77 Water Street, 8th Floor New York, NY 10005 ",6469802489," 77 Water Street, 8th Floor New York, NY 10005 "
Beautiful Mountain Massage Therapy,bmmassage.com," - Established in 2012 as a mobile massage therapy company. We now have an office space in East Williamsburg, Brooklyn. Direct booking online."," Beautiful Mountain Massage Therapy - Established in 2012 as a mobile massage therapy company. We now have an office space in East Williamsburg, Brooklyn. Direct booking online. bmmassage.com (718) 513-9543 230 Bushwick Avenue, Brooklyn New York, NY 11206 ",7185139543," 230 Bushwick Avenue, Brooklyn New York, NY 11206 "
BoxUp Moving Boxes,www.boxuprental.com,"- Delivers reusable, eco-friendly, moving boxes and supplies directly to your residence. Serving the Manhattan and Brooklyn areas."," BoxUp Moving Boxes - Delivers reusable, eco-friendly, moving boxes and supplies directly to your residence. Serving the Manhattan and Brooklyn areas. www.boxuprental.com (718) 207-0077 33 West 9th St, Brooklyn, NY 11231 (map)",7182070077," 33 West 9th St, Brooklyn, NY 11231 "
Broadway Show Tickets,broadwayshows-nyc.com, - All information & schedule. BroadwayShows-Nyc.com â Guide to Most Popular & Upcoming shows in Broadway.," Broadway Show Tickets - All information & schedule. BroadwayShows-Nyc.com â Guide to Most Popular & Upcoming shows in Broadway. broadwayshows-nyc.com (561) 571-9988 322 W 52nd St New York, NY 10019 ",5615719988," 322 W 52nd St New York, NY 10019 "
Brooklyn Integrative Health Care,www.brooklynintegrative.com, - Brooklyn Integrative Health Care is a renowned Bay Ridge location for advanced Chiropractic and Nutritionist health care.," Brooklyn Integrative Health Care - Brooklyn Integrative Health Care is a renowned Bay Ridge location for advanced Chiropractic and Nutritionist health care. www.brooklynintegrative.com (718) 748-6644 430 79th Street New York, NY 11209 (map)",7187486644," 430 79th Street New York, NY 11209 "
Brooklyn Window Tinting,www.brooklynwindowtinting.com, - A professional and affordable window tinting company located in Brooklyn. Give us a call today!," Brooklyn Window Tinting - A professional and affordable window tinting company located in Brooklyn. Give us a call today! www.brooklynwindowtinting.com (347) 377-2717 1703 East 14th Street #9 New York, NY 11229 ",3473772717," 1703 East 14th Street #9 New York, NY 11229 "
Buchwald & Associates,www.buchwaldlaw.com,- Startup Law; Internet Law; IP Law; Business Formation; Funding Rounds; Trademark; Copyright.," Buchwald & Associates - Startup Law; Internet Law; IP Law; Business Formation; Funding Rounds; Trademark; Copyright. www.buchwaldlaw.com (212) 729-8505 40 Wall Street, 28th Floor New York, NY 10005 (map)",2127298505," 40 Wall Street, 28th Floor New York, NY 10005 "
Carpet Cleaning NY,www.carpetcleaningny.com, - As a local carpet cleaning company in NY with more than 15 years of experience we are committed to the highest level of service. ," Carpet Cleaning NY - As a local carpet cleaning company in NY with more than 15 years of experience we are committed to the highest level of service. www.carpetcleaningny.com | (map) 542 East 8th Street Brooklyn, NY 11218 | (718) 289-0892",7182890892, | (
Carpet Cleaning NYC,carpetcleaningnyc123@gmail.com, - A registered company in New York. We have been expert carpet cleaners since 2004., Carpet Cleaning NYC - A registered company in New York. We have been expert carpet cleaners since 2004. carpetcleaningnyc123@gmail.com (917) 831-4478,9178314478, (917) 831-4478
Car Wash Advisory,carwashadvisory.com, - The top car wash business broker nationwide. We bring everything you need.," Car Wash Advisory - The top car wash business broker nationwide. We bring everything you need. carwashadvisory.com 309 W 57th Street New York, NY 10019 | (203) 858-6875",2038586875," 309 W 57th Street New York, NY 10019 | (203) 858-6875"
Center for Allied Health Education,www.cahe.edu,"- Since 2007, Center for Allied Health Education has earned statewide acclaim as a premier educational institute for allied health education."," Center for Allied Health Education - Since 2007, Center for Allied Health Education has earned statewide acclaim as a premier educational institute for allied health education. www.cahe.edu | (map) 1401 Kings Highway New York, NY 11229 | (718) 645-3500",7186453500, | (
City CoPilot,citycopilot.com," - If you're looking for luggage storage in NYC, City CoPilot has your back! We offer baggage storage, package acceptance, and more."," City CoPilot - If you're looking for luggage storage in NYC, City CoPilot has your back! We offer baggage storage, package acceptance, and more. citycopilot.com 166 Allen Street New York, NY 10002 | (866) 340-4399",8663404399," 166 Allen Street New York, NY 10002 | (866) 340-4399"
Civic Media,www.civicmedianewyork.com,"- Websites & Social Media for Small Businesses, Organizations, & Professionals."," Civic Media - Websites & Social Media for Small Businesses, Organizations, & Professionals. www.civicmedianewyork.com | (map) 235 East 116th Street 2FL New York, NY 10029",Not found, | (
"Cohen Schneider, and O'Neill LLC",www.cohenschneider.com,"- Education, Family, Small Business, Start Up, Internet, and Real Estate Law."," Cohen Schneider, and O'Neill LLC - Education, Family, Small Business, Start Up, Internet, and Real Estate Law. www.cohenschneider.com 275 Madison Avenue 19th Floor New York, NY 10016 | 706-276-1254 ",7062761254," 275 Madison Avenue 19th Floor New York, NY 10016 | 706-276-1254 "
Couch Heroes,https://couchheroes.com, - the trusted professionals you need to move your large furniture in and around NYC.," Couch Heroes - the trusted professionals you need to move your large furniture in and around NYC. https://couchheroes.com 190 West 170 Street Apt 1K Bronx, NY 10452 | (917) 600-1890",9176001890," 190 West 170 Street Apt 1K Bronx, NY 10452 | (917) 600-1890"
"Data Conversion Laboratory, Inc. (DCL)",dataconversionlaboratory.com," - With advanced technology (AI, ML, NLP) to solve complex content challenges, DCL is a recognized leader in XML, DITA, and S1000D conversions."," Data Conversion Laboratory, Inc. (DCL) - With advanced technology (AI, ML, NLP) to solve complex content challenges, DCL is a recognized leader in XML, DITA, and S1000D conversions. dataconversionlaboratory.com | (718) 357-8700 61-18 190th Street, Suite 205 Fresh Meadows, NY 11365",7183578700," 61-18 190th Street, Suite 205 Fresh Meadows, NY 11365"
Dial Appliance Center,www.dialappliance.com,"- Offers appliance repair and service across New York City. We have offices in Queens, Brooklyn, and Staten Island."," Dial Appliance Center - Offers appliance repair and service across New York City. We have offices in Queens, Brooklyn, and Staten Island. www.dialappliance.com | 718-368-1512 2156 Coyle Street Brooklyn, NY 11229 (map)",7183681512," 2156 Coyle Street Brooklyn, NY 11229 ("
DOG-E-DOG,dogedog.com," - your tried and true dog walking company of Greenpoint and Williamsburg, Brooklyn. We're Petsitting Professionals and local faves."," DOG-E-DOG - your tried and true dog walking company of Greenpoint and Williamsburg, Brooklyn. We're Petsitting Professionals and local faves. dogedog.com 87 Diamond St. Brooklyn, NY 11222 | (603) 496-4361",6034964361," 87 Diamond St. Brooklyn, NY 11222 | (603) 496-4361"
DOSS Media LLC.,www.dossmedia.com,"- a boutique agency, who's main vision is to provide the ""complete package solution"" for our client's creative needs."," DOSS Media LLC. - a boutique agency, who's main vision is to provide the ""complete package solution"" for our client's creative needs. www.dossmedia.com 271 Cadman Plaza E. Brooklyn, NY 21082 | (800) 370-9052",8003709052," 271 Cadman Plaza E. Brooklyn, NY 21082 | (800) 370-9052"
Double R A Construction Corp.,www.doubleraconstruction.com,"- Specializes in roofing, siding, windows, and more in parts of New York and Connecticut. Visit them online to set up your free estimate if you live in Mt. Kisco, White Plains, Greenwich, New Canaan, or another surrounding city."," Double R A Construction Corp. - Specializes in roofing, siding, windows, and more in parts of New York and Connecticut. Visit them online to set up your free estimate if you live in Mt. Kisco, White Plains, Greenwich, New Canaan, or another surrounding city. www.doubleraconstruction.com | 914-775-7550",9147757550, | 914-775-7550
Dr. Louis Cutolo,www.drcutolo.com," - A board-certified plastic surgeon who offers facelift, breast augmentation, and more from his practice and medical spa. "," Dr. Louis C. Cutolo, Jr., M.D., F.A.C.S - A board-certified plastic surgeon who offers facelift, breast augmentation, and more from his practice and medical spa. www.drcutolo.com | 718-556-1201 1557 Victory Blvd. Staten Island, NY 10314",7185561201," 1557 Victory Blvd. Staten Island, NY 10314"
Dumbo Moving & Storage,dumbomoving.com,"- One of the biggest moving companies in NYC. We offer affordability without sacrificing quality. We like to move it, move it!"," Dumbo Moving & Storage - One of the biggest moving companies in NYC. We offer affordability without sacrificing quality. We like to move it, move it! dumbomoving.com | 718-222-8282 15 N Oxford St. Brooklyn, NY 11205 (map)",7182228282," 15 N Oxford St. Brooklyn, NY 11205 ("
EIC PRODUCTION,corporatevideoproduction.nyc, Corporate Video Production. Consult with an NYC video production team today. Corporate video production in NYC.," EIC PRODUCTION Corporate Video Production. Consult with an NYC video production team today. Corporate video production in NYC. corporatevideoproduction.nyc | (888) 342-7468 213 West 35th Street, Suite 307, New York, NY 10001",8883427468," 213 West 35th Street, Suite 307, New York, NY 10001"
Empire City Casino,play.empirecitycasino.com,"- Empire Cityâs Online Casino is free to play and built for entertainment, so you can experience real casino games for free."," Empire City Casino - Empire Cityâs Online Casino is free to play and built for entertainment, so you can experience real casino games for free. play.empirecitycasino.com | 914-968-4200 810 Yonkers Raceway, Yonkers, NY 10704",9149684200," 810 Yonkers Raceway, Yonkers, NY 10704"
Escape Room NYC - Mission Escape Games,missionescapegames.com/nyc/," - One of the premier escape room companies in New York, NY. Book today to find out why they are rated #1 in the US."," Escape Room NYC - Mission Escape Games - One of the premier escape room companies in New York, NY. Book today to find out why they are rated #1 in the US. missionescapegames.com/nyc/ | 347-903-8860 265 W37th Street, Suite 802A New York, NY 10018",3479038860," 265 W37th Street, Suite 802A New York, NY 10018"
"Eton Bray Group, LLC",etonbray.com,- Top-Tier Strategy & Marketing Consulting Firm. We help our clients improve marketing ROI and sales productivity.," Eton Bray Group, LLC - Top-Tier Strategy & Marketing Consulting Firm. We help our clients improve marketing ROI and sales productivity. etonbray.com | 212-595-1900 330 Madison Ave. 6th Floor New York, NY 10017 (map)",2125951900," 330 Madison Ave. 6th Floor New York, NY 10017 ("
Executive Enterprise,executive-enterpriseny.com,- Executive Enterprise strives to create a learning environment where our team of talented people can grow into business professionals.," Executive Enterprise - Executive Enterprise strives to create a learning environment where our team of talented people can grow into business professionals. executive-enterpriseny.com | 631-754-6295 100 Broadway Suite 1, Massapequa, NY 11758",6317546295," 100 Broadway Suite 1, Massapequa, NY 11758"
Expo Movers,www.expomovers.com," - Professional, Affordable NYC Moving and Storage Services Make your New York move safe and worry-free with a top-rated, full service mover."," Expo Movers - Professional, Affordable NYC Moving and Storage Services Make your New York move safe and worry-free with a top-rated, full service mover. www.expomovers.com | 212-321-3976 3214 54th St Woodside, New York, NY 11377",2123213976," 3214 54th St Woodside, New York, NY 11377"
"Feifer & Greenberg, LLP", www.tickethelp.com/new-york-speeding-tickets/," -We feel there is no other traffic ticket law firm that can match our experience, customer service and results."," Feifer & Greenberg, LLP -We feel there is no other traffic ticket law firm that can match our experience, customer service and results. www.tickethelp.com/new-york-speeding-tickets/ | (888) 842-5384 15 Maiden Lane, Suite 1208, New York, NY 10038",8888425384," 15 Maiden Lane, Suite 1208, New York, NY 10038"
FitBizLoans.com,www.fitbizloans.com,- Our mission is to help small business owners get the lowest rate on business loans.," FitBizLoans.com - Our mission is to help small business owners get the lowest rate on business loans. www.fitbizloans.com | 646-583-1933 315 Madison Ave. New York, NY 10017 (map)",6465831933," 315 Madison Ave. New York, NY 10017 ("
Freelance Web Design of Long Island & NYC,www.freelance-kid.net,- a freelance web design and custom development company who specializes in websites and custom applications. Call us today.," Freelance Web Design of Long Island & NYC- a freelance web design and custom development company who specializes in websites and custom applications. Call us today. www.freelance-kid.net | 844-853-9601 5254 Merrick Road Massapequa, NY 11758 (map)",8448539601," 5254 Merrick Road Massapequa, NY 11758 ("
Frost NYC,www.frostnyc.com,"- Sell high end gold hip hop jewelry, specializing in gold chains, cuban link chains, franco chains and much more."," Frost NYC - Sell high end gold hip hop jewelry, specializing in gold chains, cuban link chains, franco chains and much more. www.frostnyc.com | 212-730-7879 20 W 47th St Suit 203 New York, NY 10036 (map)",2127307879," 20 W 47th St Suit 203 New York, NY 10036 ("
Garage Door Brooklyn,www.garagedoorbrooklyn.com,"- We provide professional, reliable service you need to successfully install, repair, and maintain the garage door in your business/residence."," Garage Door Brooklyn - We provide professional, reliable service you need to successfully install, repair, and maintain the garage door in your business/residence. www.garagedoorbrooklyn.com | 718-989-2059 Ocean Pkwy Brooklyn, NY 11218 (map)",7189892059," Ocean Pkwy Brooklyn, NY 11218 ("
Gentle Dental Bayside,www.queenssmile.com,"- Specializes in general and cosmetic dentistry, serving Flushing, College Point, Bayside, and surrounding areas."," Gentle Dental Bayside - Specializes in general and cosmetic dentistry, serving Flushing, College Point, Bayside, and surrounding areas. www.queenssmile.com | 718-461-0100 35-30 Francis Lewis Blvd. New York, NY 11358 (map)",7184610100," 35-30 Francis Lewis Blvd. New York, NY 11358 ("
GFD Courier,www.gfdcourier.com,"- Offers same-day delivery, messenger, and courier services in the greater New York area."," GFD Courier - Offers same-day delivery, messenger, and courier services in the greater New York area. www.gfdcourier.com | 212-896-1909 244 5th Ave #2044 New York, NY 10001 (map)",2128961909," 244 5th Ave #2044 New York, NY 10001 ("
GOGO Charters NYC,gogocharters.com/new-york-charter-bus," - Offers charter bus rentals in NYC. Book today for your corporate event, wedding transportation, convention or church group."," GOGO Charters NYC - Offers charter bus rentals in NYC. Book today for your corporate event, wedding transportation, convention or church group. gogocharters.com/new-york-charter-bus | 855-826-6770 17 State Street Suite 4000 New York, NY 10004",8558266770," 17 State Street Suite 4000 New York, NY 10004"
Gould Partners LLC.,www.gould-partners.com,"- The partners at Gould+Partners provide world-class business strategy solutions for public relations, media and creative service agencies."," Gould Partners LLC. - The partners at Gould+Partners provide world-class business strategy solutions for public relations, media and creative service agencies. www.gould-partners.com | 212-349-3644 One Penn Plaza, Ste 5335 New York , NY 10119 (map)",2123493644," One Penn Plaza, Ste 5335 New York , NY 10119 ("
Good & Gold Marketing,www.goodandgoldmarketing.com," - Local digital marketing firm specializing in helping small businesses and start ups in New York with SEO, SEM, e-mail marketing, and strategy.."," Good & Gold Marketing - Local digital marketing firm specializing in helping small businesses and start ups in New York with SEO, SEM, e-mail marketing, and strategy.. www.goodandgoldmarketing.com | (917) 725-2314 545 Prospect Place New York, NY 11238",9177252314," 545 Prospect Place New York, NY 11238"
Grassi & Co.,www.grassicpas.com,"- A New York accounting and business consulting firm offering tax advice, technology consulting, and more to many industries."," Grassi & Co. - A New York accounting and business consulting firm offering tax advice, technology consulting, and more to many industries. www.grassicpas.com | 212-661-6166 488 Madison Avenue New York, NY 10022 (map)",2126616166," 488 Madison Avenue New York, NY 10022 ("
Green City Movers Inc,www.greencitymovers.com," - Whether local or interstate, we will take you where you need to go. Manhattan, Bronx, Brooklyn, Queens, Staten Island, Long Island."," Green City Movers Inc - Whether local or interstate, we will take you where you need to go. Manhattan, Bronx, Brooklyn, Queens, Staten Island, Long Island. www.greencitymovers.com | (718) 576-3736 1 Carlton Ave Brooklyn, NY 11205",7185763736," 1 Carlton Ave Brooklyn, NY 11205"
Hammerman Jewels,hammermanjewels.com,"- unique in every way. Old world craftsmanship, ever changing designs and the highest quality precious stones are the hallmarks of every HAMMERMAN Collectible."," Hammerman Jewels - unique in every way. Old world craftsmanship, ever changing designs and the highest quality precious stones are the hallmarks of every HAMMERMAN Collectible. hammermanjewels.com 50 W 57th St, NY 10019 | (212) 956-2806",2129562806," 50 W 57th St, NY 10019 | (212) 956-2806"
Hi 5 Home Inspections,www.hifive.biz,- dedicated to providing the highest quality unbiased home inspection services to NYC homebuyers since 2005.," Hi 5 Home Inspections- dedicated to providing the highest quality unbiased home inspection services to NYC homebuyers since 2005. www.hifive.biz | (800) 251-1024 1430 127th Street South Ozone Park, NY 11420",8002511024," 1430 127th Street South Ozone Park, NY 11420"
Hindsite,www.hindsite.us,- A creative website and web application firm. We're obsessed with building beautiful and functional products.," Hindsite - A creative website and web application firm. We're obsessed with building beautiful and functional products. www.hindsite.us | (315) 825-1874 47 Rutland Road City Brooklyn, NY 11225 (map)",3158251874," 47 Rutland Road City Brooklyn, NY 11225 ("
HomeRun Locksmith & Hardware,homerunlocksmith.com,"- 24HR Locksmith Service 15 Min Arrival Time, in NY Metro Area , Licensed & Insured. Fast Response. Call Us Now! Toll Free 844-786-5625."," HomeRun Locksmith & Hardware - 24HR Locksmith Service 15 Min Arrival Time, in NY Metro Area , Licensed & Insured. Fast Response. Call Us Now! Toll Free 844-786-5625. homerunlocksmith.com 78 Beaver St #169 Brooklyn, NY 11206 (map)",8447865625," 78 Beaver St #169 Brooklyn, NY 11206 ("
Hop2TheTop ,www.hop2thetop.com,- Provider of search engine marketing services for small and medium sized businesses., Hop2TheTop - Provider of search engine marketing services for small and medium sized businesses. www.hop2thetop.com | 888-919-4238 203 Main Street Flemington 08822 (map),8889194238, 203 Main Street Flemington 08822 (
ICORP Investigations ,https://icorpinvestigations.com,"- New York private investigators, ICORP Investigations has been providing investigative services in NYC since 2008.Services are confidential."," ICORP Investigations - New York private investigators, ICORP Investigations has been providing investigative services in NYC since 2008.Services are confidential. https://icorpinvestigations.com | (212) 710-5616 77 Water Street, 8th Fl New York, NY 10005",2127105616," 77 Water Street, 8th Fl New York, NY 10005"
IDT Express,http://idtexpress.com,- provides retail and wholesale telecommunication and financial services and products.," IDT Express - provides retail and wholesale telecommunication and financial services and products. http://idtexpress.com | (973) 438-3111 550 Broad Street New York, NY 07102 (map)",9734383111," 550 Broad Street New York, NY 07102 ("
iFix iBuy,www.ifixibuy.com/new-rochelle-ny,"- We repair Apple iPhones as well as Samsung phones in New Rochelle. Offering a drop off service, your phone can be fixed usually the same day."," iFix iBuy - We repair Apple iPhones as well as Samsung phones in New Rochelle. Offering a drop off service, your phone can be fixed usually the same day. www.ifixibuy.com/new-rochelle-ny | (914) 233-3396 137 Montgomery Cir New Rochelle, NY 10804",9142333396," 137 Montgomery Cir New Rochelle, NY 10804"
infoRouter Document Management Software,www.inforouter.com,- Our software will also reduce your risk and costs associated with e-discovery and a growing number of regulatory compliance guidelines.," infoRouter Document Management Software - Our software will also reduce your risk and costs associated with e-discovery and a growing number of regulatory compliance guidelines. www.inforouter.com | 631-218-7600 218 Main Street, Suite 333 East Setauket, NY 11733 (map)",6312187600," 218 Main Street, Suite 333 East Setauket, NY 11733 ("
"Ivy Road Admissions, Inc.",www.admit1mba.com,"- MBA admissions consulting services available in NY. personal. We focus on MBA essay editing, MBA interview prep and more."," Ivy Road Admissions, Inc. - MBA admissions consulting services available in NY. personal. We focus on MBA essay editing, MBA interview prep and more. www.admit1mba.com | 917-300-1066 PO box 750356 Forest Hills, NY 11375 (map)",9173001066," PO box 750356 Forest Hills, NY 11375 ("
Jazz and Print,www.jazzandprint.com," - Offset & Digital Printing, Jazz ð· Music all day. Whatever your passion, Find a way to bring it to work everyday."," Jazz and Print - Offset & Digital Printing, Jazz ð· Music all day. Whatever your passion, Find a way to bring it to work everyday. www.jazzandprint.com | (347) 763-2420 238 Graham Avenue Brooklyn, NY 11206",3477632420," 238 Graham Avenue Brooklyn, NY 11206"
Krav Maga Experts,kravmagaexperts.com," - We instruct the individual and not the crowd. Itâs not about ego, competition or tradition."," Krav Maga Experts - We instruct the individual and not the crowd. Itâs not about ego, competition or tradition. kravmagaexperts.com | (646) 707-0388 250 West 100th Street New York, NY 10025",6467070388," 250 West 100th Street New York, NY 10025"
The Law Offices of Lance Fletcher,www.LawFletcher.com,"- NYC Criminal Defense Lawyer focusing on theft, grand larceny, dwi / dui, assault, desk appearance ticket, misdemeanor, and all felony cases."," Law Offices of Lance Fletcher - NYC Criminal Defense Lawyer focusing on theft, grand larceny, dwi / dui, assault, desk appearance ticket, misdemeanor, and all felony cases. www.LawFletcher.com | (212) 619-3900 225 Broadway, suite 2700 New York, NY 10007 (map)",2126193900," 225 Broadway, suite 2700 New York, NY 10007 ("
"Law Offices of Julie Rendelman, LLC",Rendelmanlaw.com, - Criminal defense firm representing individuals in New York state and federal crimes.," Law Offices of Julie Rendelman, LLC - Criminal defense firm representing individuals in New York state and federal crimes. Rendelmanlaw.com | (212) 951-1232 535 Fifth Avenue, 25th floor New York, NY 10017",2129511232," 535 Fifth Avenue, 25th floor New York, NY 10017"
Lifetime Remodeling,www.lifetimecontractors.com,"- Specializes in roof replacement, roof repair, and more in New York and New Jersey."," Lifetime Remodeling - Specializes in roof replacement, roof repair, and more in New York and New Jersey. www.lifetimecontractors.com | 845-675-1355 6 Woodcrest Ct West Nyack 10994 (map)",8456751355, 6 Woodcrest Ct West Nyack 10994 (
Lightning Managed IT Solutions,www.lightningmanagedit.com,- Managed IT services for small and medium businesses in the NY Tri-State area at competitive rates.," Lightning Managed IT Solutions - Managed IT services for small and medium businesses in the NY Tri-State area at competitive rates. www.lightningmanagedit.com | 646-681-1444 1375 Broadway, 10th FL New York, NY 10018 (map)",6466811444," 1375 Broadway, 10th FL New York, NY 10018 ("
Major Homes Corp,www.majorhomes.com," - specializes in roof replacement, roof repair, remodeling, and more in the greater Yonkers, NY area. Visit them online to set up your free estimate if you live in Jamaica, Flushing, Queens, or another surrounding NY area."," Major Homes Corp - specializes in roof replacement, roof repair, remodeling, and more in the greater Yonkers, NY area. Visit them online to set up your free estimate if you live in Jamaica, Flushing, Queens, or another surrounding NY area. www.majorhomes.com 48-52 Clearview Expy Queens, NY 11364 | (631) 321-5209 (map)",6313215209," 48-52 Clearview Expy Queens, NY 11364 | (631) 321-5209 ("
Mckay Strength Inc.,www.mckaystrength.com," - Trainers with a focus on self defense. Our course encompasses the physical, mental and emotional ablility required to save yourself."," Mckay Strength Inc. - Trainers with a focus on self defense. Our course encompasses the physical, mental and emotional ablility required to save yourself. www.mckaystrength.com 917 Sheridan Ave Bronx, NY 10451 | (646) 504-2845 ",6465042845," 917 Sheridan Ave Bronx, NY 10451 | (646) 504-2845 "
MIA Organic,www.miaorganic.com, - Offers 100% organic non-applicator plastic-free tampons delivered right to your door. For every subscription purchased we donate 1 for 1.," MIA Organic - Offers 100% organic non-applicator plastic-free tampons delivered right to your door. For every subscription purchased we donate 1 for 1. www.miaorganic.com 244 Fifth Avenue, Suite G280 New York, NY 10001 | (202) 802-6271 ",2028026271," 244 Fifth Avenue, Suite G280 New York, NY 10001 | (202) 802-6271 "
"Mishiyeva Law, PLLC.",www.nycprobatelawyer.com," - A law firm specializing in estate planning, probate, and estate administration."," Mishiyeva Law, PLLC. - A law firm specializing in estate planning, probate, and estate administration. www.nycprobatelawyer.com | (646) 535-1667 85 Broad Street 18th Floor New York, NY 10004 (map)",6465351667," 85 Broad Street 18th Floor New York, NY 10004 ("
My Printing World,www.myprintingworld.com,"- Custom printed Catalogues and Brochures, Flyers, Logos, Hang Tags, Posters, Invitations, Postcards,Business Cards and More."," New My Printing World - Custom printed Catalogues and Brochures, Flyers, Logos, Hang Tags, Posters, Invitations, Postcards,Business Cards and More. www.myprintingworld.com | (917) 383-0888 2309 29th Street Astoria, NY 11105",9173830888," 2309 29th Street Astoria, NY 11105"
New Look New Life,www.newlooknewlife.com,- We believe cosmetic surgery can play a transformative role in revealing and enhancing each patientâs personal beauty.," New Look New Life - We believe cosmetic surgery can play a transformative role in revealing and enhancing each patientâs personal beauty. www.newlooknewlife.com | 646-559-2854 200 West 57th Street, Suite 710 New York, NY 10019 (map)",6465592854," 200 West 57th Street, Suite 710 New York, NY 10019 ("
New York Car Accident Lawyer,www.nylawyercaraccident.com, - Injured in an accident? Free Consultation Â· Top New York Law Firm Â· Best Legal Representation Â· Experienced Car Accident Lawyer.," New York Car Accident Lawyer - Injured in an accident? Free Consultation Â· Top New York Law Firm Â· Best Legal Representation Â· Experienced Car Accident Lawyer. www.nylawyercaraccident.com | 212-252-2081 244 5th Avenue P221 New York, NY 10001",2122522081," 244 5th Avenue P221 New York, NY 10001"
"Neptune Air Conditioning, Inc.",www.airconditioninginnyc.com,"- We sell, service & install 20 plus brands of air conditioners. We are considered New York's finest HVAC contractor and Winter Storage Co."," Neptune Air Conditioning, Inc. - We sell, service & install 20 plus brands of air conditioners. We are considered New York's finest HVAC contractor and Winter Storage Co. www.airconditioninginnyc.com | 646-863-2132 575 Lexington Ave, Fl 4 New York, NY 10022 (map)",6468632132," 575 Lexington Ave, Fl 4 New York, NY 10022 ("
New York Assisted Living,http://www.senioradvisor.com,"- If you are looking into senior living communities in New York City, then you need to take assisted living into consideration."," New York Assisted Living - If you are looking into senior living communities in New York City, then you need to take assisted living into consideration. http://www.senioradvisor.com | 1-844-262-9820",18442629820, | 1-844-262-9820
"New York Carpet Cleaning, Inc.",www.newyorkcarpetcleaning.com,"- Provider of carpet cleaning, rug cleaning services to keep New York homes and business looking their best."," New York Carpet Cleaning, Inc. - Provider of carpet cleaning, rug cleaning services to keep New York homes and business looking their best. www.newyorkcarpetcleaning.com | 212-300-5744 44 5th Ave. Ste. 2120 New York, NY 10001 (map)",2123005744," 44 5th Ave. Ste. 2120 New York, NY 10001 ("
Noble Abode,www.nobleabode.com,- Created with one simple goal in mind: to help create stunning and affordable living spaces you can't wait to come home to.," Noble Abode - Created with one simple goal in mind: to help create stunning and affordable living spaces you can't wait to come home to. www.nobleabode.com | 917-268-8553 84 S 1st Street, Suite 3B New York, NY 11249 (map)",9172688553," 84 S 1st Street, Suite 3B New York, NY 11249 ("
NY Advocates 4 Kids,www.nyadvocates4kids.com," - Advocating for Special Needs, Homeschool and Gifted students whose needs arenât being met in the school system."," NY Advocates 4 Kids - Advocating for Special Needs, Homeschool and Gifted students whose needs arenât being met in the school system. www.nyadvocates4kids.com | (212) 457-1635 641 Lexington Ave New York, NY 10022 ",2124571635," 641 Lexington Ave New York, NY 10022 "
NY Brite,www.nybrite.com,"- offers professional and affordable cleaning service in New York City. We clean offices, homes, and more."," NY Brite - offers professional and affordable cleaning service in New York City. We clean offices, homes, and more. www.nybrite.com | 212-763-0042 509 Grand Street New York, NY 10002 (map) ",2127630042," 509 Grand Street New York, NY 10002 ("
NY Video Productions,www.nyvideoproductions.com, - Film production company for New York.," NY Video Productions - Film production company for New York. www.nyvideoproductions.com | (631) 428-7246 27 Family Lane Suite 1A Levittown, NY 11756 ",6314287246," 27 Family Lane Suite 1A Levittown, NY 11756 "
oneblowdrybar,www.oneblowdrybar.com," - a blow out salon . no cuts , no color just blow dry at $40. Don't want to leave the house no problem ! we'll come to you!."," oneblowdrybar - a blow out salon . no cuts , no color just blow dry at $40. Don't want to leave the house no problem ! we'll come to you!. www.oneblowdrybar.com | (646) 650-5593 151 W34th Street Macy's Herald Square, NY 10001 ",6466505593," 151 W34th Street Macy's Herald Square, NY 10001 "
Park and Willow L.L.C,paperstreetrealestate.com,- A real estate brokerage firm that assists both buyers and sellers with their realty transactions. We help market & sell your property. ," Paper Street Real Estate LLC - A real estate brokerage firm that assists both buyers and sellers with their realty transactions. We help market & sell your property. paperstreetrealestate.com | (646) 945-3727 85 Broad Street 16th Floor New York, NY 10004",6469453727," 85 Broad Street 16th Floor New York, NY 10004"
Park and Willow L.L.C,www.ParkAndWillow.com,"- Are you thirsty? Any drink you like, we have and will deliver it to your home and office. No charge. Five free cases of Spring Water!"," Park and Willow L.L.C - Are you thirsty? Any drink you like, we have and will deliver it to your home and office. No charge. Five free cases of Spring Water! www.ParkAndWillow.com | 877-746-7123 255 West 36th Street New York, NY 10018 (map)",8777467123," 255 West 36th Street New York, NY 10018 ("
"Philip Miller, MD, FACS",drphilipmiller.com,- specializes exclusively in facial plastic surgery in New York and prides himself on achieving natural looking results.," Dr. Philip Miller - specializes exclusively in facial plastic surgery in New York and prides himself on achieving natural looking results. drphilipmiller.com | (646) 791-3025 60 E 56th St #300 New York, NY 10022",6467913025," 60 E 56th St #300 New York, NY 10022"
Revaluate,revaluate.com,- Revaluate lets you know what itâs like to live at a specific locationâ¦before you move there.," Revaluate - Revaluate lets you know what itâs like to live at a specific locationâ¦before you move there. revaluate.com | 917-499-4711 150 East 57th St Unit 29A New York, NY 10022 (map)",9174994711," 150 East 57th St Unit 29A New York, NY 10022 ("
Robert Window Cleaning,www.rwindowc.com,- Professional window cleaning and fix.," Robert Window Cleaning - Professional window cleaning and fix. www.rwindowc.com | 917-224-3020 5738 65 St Maspeth, NY 11378 (map)",9172243020," 5738 65 St Maspeth, NY 11378 ("
 Rock Paper Team LLC,www.rockpaperteam.com,- We create customized events to strengthen bonds and bring out the best in people. Our services make your days more enjoyable and productive. ," Rock Paper Team LLC - We create customized events to strengthen bonds and bring out the best in people. Our services make your days more enjoyable and productive. www.rockpaperteam.com | 212-925-5604 54 West 40th St New York, NY 10018",2129255604," 54 West 40th St New York, NY 10018"
Roll Up Doors NYC,www.rollupdoors.biz, - Roll up gate and door Installation and repair and 24 hour emergency gate repair service. ," Roll Up Doors NYC - Roll up gate and door Installation and repair and 24 hour emergency gate repair service. www.rollupdoors.biz | (877) 575-4208 65-04 Forest Ave. Queens, NY 11385",8775754208," 65-04 Forest Ave. Queens, NY 11385"
Segura Worldwide LLC,www.seguraexecutive.com," - Corporate Headquarters for the following businesses: Segura Executive Transportation, Segura Financial, Segura Cleaning Services."," Segura Worldwide LLC - Corporate Headquarters for the following businesses: Segura Executive Transportation, Segura Financial, Segura Cleaning Services. www.seguraexecutive.com | (718) 749-9555 118-35 Queens Blvd, Ste 400, Forest Hills, NY 11375",7187499555," 118-35 Queens Blvd, Ste 400, Forest Hills, NY 11375"
Sensitive Touch,www.sensitivetouch.com," - We are known for laser hair removal treatment and all services related to Botox, tattoo removal, and other facial rejuvenation techniques."," Sensitive Touch - We are known for laser hair removal treatment and all services related to Botox, tattoo removal, and other facial rejuvenation techniques. www.sensitivetouch.com | 212-339-9956 135 E. 55th St. (8th FL.) 10022 (map)",2123399956, 135 E. 55th St. (8th FL.) 10022 (
Simple Blue Plumbing and Heating,www.simpleblueplumbing.com.com," - Our mission is to provide the highest level of quality for every maintenance job we are complete, whether commercial or residential."," Simple Blue Plumbing and Heating - Our mission is to provide the highest level of quality for every maintenance job we are complete, whether commercial or residential. www.simpleblueplumbing.com.com | 212-339-9956 14711 34th Ave Flushing, NY 11354 (map)",2123399956," 14711 34th Ave Flushing, NY 11354 ("
Shop Glam Expressway,www.ShopGlamExpressway.com,<b>S</b>," Shop Glam Expressway - Shop Glam Expressway is your online destination for trendy, edgy, and affordable Fashion Jewelry and Accessories! We ship internationally! www.ShopGlamExpressway.com | 347-206-3583 100 Jay Street Brooklyn, NY 11201 (map)",3472063583," 100 Jay Street Brooklyn, NY 11201 ("
Signature Auto,signatureautoworld.com,"- Offers auto leasing across New York City, with offices in both Brooklyn and Staten Island."," Signature Auto - Offers auto leasing across New York City, with offices in both Brooklyn and Staten Island. signatureautoworld.com | 718-772-0099 9263-9265 4th Ave. Brooklyn, NY 11209",7187720099," 9263-9265 4th Ave. Brooklyn, NY 11209"
Smart Choice Carpet,www.smartchoicecarpet-ny.com, - The ultimate solution for your carpet cleaning needs in Manhattan and the surroundings areas.," Smart Choice Carpet - The ultimate solution for your carpet cleaning needs in Manhattan and the surroundings areas. www.smartchoicecarpet-ny.com | 212-361-9865 237 East 33rd New York, NY 10016 (map)",2123619865," 237 East 33rd New York, NY 10016 ("
Spy Tec,www.spytecinc.com,"- Provides hidden cameras and surveillance equipment, Spy Tec was established on 2004 and since then served thousands of customers."," Spy Tec - Provides hidden cameras and surveillance equipment, Spy Tec was established on 2004 and since then served thousands of customers. www.spytecinc.com | 877-212-7400 135 W. 36th St., 13th Floor New York, NY 10018 (map)",8772127400," 135 W. 36th St., 13th Floor New York, NY 10018 ("
Staten Web,http://statenweb.com," - Staten Island-based web design agency that specializes in web development, search engine optimization, local SEO & brand management. "," StatenWeb - Staten Island-based web design agency that specializes in web development, search engine optimization, local SEO & brand management. http://statenweb.com | 718-569-8123 296 Burbank Avenue Staten Island, NY 10306 (map)",7185698123," 296 Burbank Avenue Staten Island, NY 10306 ("
Sun Light Fine Rug Care & Restoration,www.sunlightfinerugcare.com/,"- Professional rug cleaning service in Brooklyn ,New York.free estimate , pickup & delivery. "," Sun Light Fine Rug Care & Restoration - Professional rug cleaning service in Brooklyn ,New York.free estimate , pickup & delivery. www.sunlightfinerugcare.com/ | 718-697-7374 390 Hooper St Brooklyn, NY 10020 (map)",7186977374," 390 Hooper St Brooklyn, NY 10020 ("
Synergy Business Brokers,synergybb.com," - A leading M & A firm focused on selling companies with annual revenues of $600,000 to $40 Million."," Synergy Business Brokers - A leading M & A firm focused on selling companies with annual revenues of $600,000 to $40 Million. synergybb.com | 914-738-9350 7 Schuyler Street New Rochelle, NY 10801",9147389350," 7 Schuyler Street New Rochelle, NY 10801"
Rug Pro NYC,www.rugcleaningnyc.net," - Professional rug cleaning services in NYC. We specialize in rug repair, stain removal, carpet cleaning. Free pickup & delivery. Free estimates. "," Rug Pro NYC - Professional rug cleaning services in NYC. We specialize in rug repair, stain removal, carpet cleaning. Free pickup & delivery. Free estimates. www.rugcleaningnyc.net | 212-994-2709 1271 Avenue of the Americas New York City, NY 10020 (map)",2129942709," 1271 Avenue of the Americas New York City, NY 10020 ("
The Blanch Law Firm,www.blanchpc.com, - Top rated criminal defense attorneys. As seen in Super Lawyers and U.S. News and World Report.," The Blanch Law Firm - Top rated criminal defense attorneys. As seen in Super Lawyers and U.S. News and World Report. www.blanchpc.com | 212-736-3900 261 Madison Avenue New York, NY 10016",2127363900," 261 Madison Avenue New York, NY 10016"
The Clean Bedroom,www.thecleanbedroom.com, - An independent retailer of the finest organic mattresses and bedding in the world.," The Clean Bedroom - An independent retailer of the finest organic mattresses and bedding in the world. www.thecleanbedroom.com | 212-764-3232 230 5th Ave, Suite 1807 New York, NY 10001",2127643232," 230 5th Ave, Suite 1807 New York, NY 10001"
The Riviere Agency,www.theriviereagency.com," - Marketing, PR, social media and events for fashion, beauty, travel and other lifestyle brands. We have packages to cater to every budget."," The Riviere Agency - Marketing, PR, social media and events for fashion, beauty, travel and other lifestyle brands. We have packages to cater to every budget. www.theriviereagency.com | 646-741-2099 325 West 38th Street, Suite 1700 New York, NY 10018 (map)",6467412099," 325 West 38th Street, Suite 1700 New York, NY 10018"
"Thomas P. Sterry, MD",www.drsterry.com/," - A board-certified plastic surgeon in New York specializing in cosmetic procedures for the face, body, and breasts."," Thomas P. Sterry, MD - A board-certified plastic surgeon in New York specializing in cosmetic procedures for the face, body, and breasts. www.drsterry.com/ | (212) 249-4020 1080 5th Avenue #1b New York, NY 10128",2122494020," 1080 5th Avenue #1b New York, NY 10128"
Total Dealer Compliance,www.totaldealercompliance.com,- A compliance-auditing firm with an E-Learning Platform for auto dealers to ensure compliance with regulations.," Total Dealer Compliance - A compliance-auditing firm with an E-Learning Platform for auto dealers to ensure compliance with regulations. www.totaldealercompliance.com | 888-243-5204 733 3rd Avenue New York, NY 10017",8882435204," 733 3rd Avenue New York, NY 10017"
TradeMarkers,www.trademarkers.com,- a team of trademark and intellectual property attorneys. We helped companies gain worldwide protection for their brands.," TradeMarkers - a team of trademark and intellectual property attorneys. We helped companies gain worldwide protection for their brands. www.trademarkers.com | 212-468-5517 246 West Broadway New York, NY 10013",2124685517," 246 West Broadway New York, NY 10013"
Transfer Co,www.transfer.co,- a simple way to transfer large files anytime and anywhere which guarantees the security of its customers. Free and easy.," Transfer Co - a simple way to transfer large files anytime and anywhere which guarantees the security of its customers. Free and easy. www.transfer.co | 512-931-4842 W 29 Street New York, NY 10001",5129314842," W 29 Street New York, NY 10001"
Tri State Garage Services,www.tristategarageservices.com,- a leading provider in the Garage Door industry and has been serving NY residents for over two decades.," Tri State Garage Services- a leading provider in the Garage Door industry and has been serving NY residents for over two decades. www.tristategarageservices.com | (917) 547-5438 171 Campbell Ave. Staten Island, NY 10310",9175475438," 171 Campbell Ave. Staten Island, NY 10310"
OrthoSnap New York,www.orthosnapny.com," - todayâs only alternative to traditional metal braces, providing you with unnoticeable solution throughout your treatment."," OrthoSnap New York - todayâs only alternative to traditional metal braces, providing you with unnoticeable solution throughout your treatment. www.orthosnapny.com | 844-678-4676 897 Park Ave. New York, NY 10075 (map) 133-A West End Ave. Brooklyn, NY 11235 (map) ",8446784676," 897 Park Ave. New York, NY 10075 "
Paragon Security,paragonsecurityny.com,- New York locksmith offering a range of security services to businesses and homes all across New York City.," Paragon Security - New York locksmith offering a range of security services to businesses and homes all across New York City. paragonsecurityny.com | (212) 488-6590 86 Christopher Street Queens, NY 11105 (map)",2124886590," 86 Christopher Street Queens, NY 11105 "
Park Dental Care,www.718dentist.com," - Park Dental of Astoria offers cosmetic dentistry services in Queens, New York."," Park Dental Care - Park Dental of Astoria offers cosmetic dentistry services in Queens, New York. www.718dentist.com | 718-274-1515 29-14 Ditmars Blvd. New York, NY 10014 (map)",7182741515," 29-14 Ditmars Blvd. New York, NY 10014 "
Prevu Real Estate,www.prevuapp.com, - A tech-enabled real estate brokerage. Our Smart Buyerâ¢ commission rebate in NYC saves homebuyers up to 2% of their purchase price.," Prevu Real Estate - A tech-enabled real estate brokerage. Our Smart Buyerâ¢ commission rebate in NYC saves homebuyers up to 2% of their purchase price. www.prevuapp.com | 646-603-6868 575 Fifth Avenue, 14th Floor New York, NY 10017 ",6466036868," 575 Fifth Avenue, 14th Floor New York, NY 10017 "
Queens Boiler Repair Pros,www.queenscoboilers.com," - boiler repair and installation contractor serving Queens, NY. We serve residential, commercial, and industrial boiler clientele."," Queens Boiler Repair Pros - boiler repair and installation contractor serving Queens, NY. We serve residential, commercial, and industrial boiler clientele. www.queenscoboilers.com | (347) 318-1156 10306 Liberty Ave, #2A Ozone Park, NY 11417",3473181156," 10306 Liberty Ave, #2A Ozone Park, NY 11417"
spiral2grow Marriage Family Therapy,spiral2grow.com,"- Among the top counseling practices in NYC, specializes in Psychotherapy, Coaching, Couples Counseling."," spiral2grow Marriage Family Therapy - Among the top counseling practices in NYC, specializes in Psychotherapy, Coaching, Couples Counseling. spiral2grow.com | (917) 692-3867 260 Madison Ave (#8023) New York, NY 10016",9176923867," 260 Madison Ave (#8023) New York, NY 10016"
Williamsburg Yoga Psychotherapy,www.suzydaren.com," - Integrating modern therapy with the wisdom of yoga, we offer an effective approach to treating relationships, depression, anxiety and more."," Williamsburg Yoga Psychotherapy - Integrating modern therapy with the wisdom of yoga, we offer an effective approach to treating relationships, depression, anxiety and more. www.suzydaren.com | (646) 504-7218 169 Wythe Brooklyn, NY 11249",6465047218," 169 Wythe Brooklyn, NY 11249"
Window Tinting Brooklyn,www.brooklynwindowtinting.com," - We are a local window tinting company located in Brooklyn, NY. We have a variety window tinting services. Call us today for an estimate!!"," Window Tinting Brooklyn - We are a local window tinting company located in Brooklyn, NY. We have a variety window tinting services. Call us today for an estimate!! www.brooklynwindowtinting.com (347) 377-2717 1703 East 14th Street #9 New York, NY 11229 ",3473772717," 1703 East 14th Street #9 New York, NY 11229 "
Witzmani Dental Care,www.amazingsmilenyc.com,- a family dentistry located near the new Queens Center Mall. We serve all of queens and surrounding area.," Witzmani Dental Care - a family dentistry located near the new Queens Center Mall. We serve all of queens and surrounding area. www.amazingsmilenyc.com | (718) 305-1956 60-51 Woodhaven Blvd Elmhurst, NY 11373 (map)",7183051956," 60-51 Woodhaven Blvd Elmhurst, NY 11373 "
Worden Capital Management,www.wordencapital.com,- A comprehensive financial services firm committed to helping our clients improve their long-term financial success.," Worden Capital Management - A comprehensive financial services firm committed to helping our clients improve their long-term financial success. www.wordencapital.com | (516) 621-0218 100 Ring Road (#210) Garden City, NY 11530",5166210218," 100 Ring Road (#210) Garden City, NY 11530"
Wright Law Firm PC,www.wrightlawfirmnyc.com,"- Manhattan Business Lawyers. We handle the purchase and sale of businesses, the negotiation of retail and office leases and civil litgation."," Wright Law Firm PC - Manhattan Business Lawyers. We handle the purchase and sale of businesses, the negotiation of retail and office leases and civil litgation. www.wrightlawfirmnyc.com | (212) 619-1500 270 Madison Avenue Suite (#1203) New York, NY 10016",2126191500," 270 Madison Avenue Suite (#1203) New York, NY 10016"
Your In-House Art Dept.,www.yourinhouseartdept.com,"- A group of talented NY art directors and graphic designers, professionals in all facets of creative design and development."," Your In-House Art Dept. - A group of talented NY art directors and graphic designers, professionals in all facets of creative design and development. www.yourinhouseartdept.com | 516-761-3600 485 S. Broadway STE 3 Hicksville, NY 11801 (map)",5167613600," 485 S. Broadway STE 3 Hicksville, NY 11801 "
zibber CONSTRUCTION,www.zibber-remodeling-repair.com,"- Home Remodeling and Repair, Carpentry, Electricity, Painting, Plastering, Plumbing, and Handyman Services. NO JOB TOO BIG OR TOO SMALL!"," zibber CONSTRUCTION - Home Remodeling and Repair, Carpentry, Electricity, Painting, Plastering, Plumbing, and Handyman Services. NO JOB TOO BIG OR TOO SMALL! www.zibber-remodeling-repair.com | 646-326-9312 5029 42 St, Sunnyside, NY 11104 (map)",6463269312," 5029 42 St, Sunnyside, NY 11104 "
ZugBu Events Management Company,www.zugbuevents.com, - An events management company which develop events that allow small business owners to connect with their customers.," ZugBu Events Management Company - An events management company which develop events that allow small business owners to connect with their customers. www.zugbuevents.com | 718-205 7501 6901 35th Ave, New York, NY 11377 (map)",7182057501," 6901 35th Ave, New York, NY 11377 "
